,W/O PEP,CD8-6,CD8-7,Iab(+),CD8(-)-1,CD8-2,CD8-1,CD8(-)-2,CD8 (+),CD8-3,CD8-4,CD8-8,CD4-2,CD8-5,CD4-1,pooled pep,PMA/Ionomycin,SARS-CoV CD8 pool,SARS-CoV CD4 pool
PBS1,0.000236667,-2.33333E-05,0.000256667,0.000276667,0.001326667,0.000296667,0.000266667,0.000276667,0.000276667,0.000286667,0.000566667,0.000926667,0.001126667,0.001126667,0.000506667,0.001126667,0.584726667,0.000826667,0.001326667
PBS2,3.66667E-05,0.000676667,0.001026667,0,0.000696667,0.002126667,0.000676667,4.66667E-05,0.000366667,5.66667E-05,0.000316667,0.000306667,0.001026667,0.001226667,0.000656667,0.002226667,0.534726667,0.001926667,0.002026667
PBS3,0,-3.33333E-05,0.000526667,0.000256667,-2.33333E-05,-3.33333E-06,0.000266667,0.001426667,0,0.000826667,0.000486667,0.000296667,0.000496667,0.000216667,-2.33333E-05,0.000496667,0.645726667,-1.33333E-05,0.001126667
MIT1,0,0,0,0,-4.66667E-05,3.33333E-05,0.000113333,0.000143333,0,0.000963333,0.010463333,0.006163333,0.002163333,3.33333E-05,0,0.014763333,0.592363333,0.014863333,0.003763333
MIT2,0,0.000233333,0,0.000143333,0,0.000463333,3.33333E-05,0,-6.66667E-06,0,0.019263333,0.006063333,0.001963333,8.33333E-05,0.000113333,0.030663333,0.623363333,0.025263333,0.002963333
MIT3,0.000463333,0.000363333,0.000363333,-6.66667E-06,6.33333E-05,6.33333E-05,0,0,0,-1.66667E-05,0.009763333,0.005763333,0.001063333,0.000193333,0,0.012263333,0.626363333,0.008063333,0.001863333
BNT1,0.000176667,0.000166667,0,5.66667E-05,0.000456667,0.000176667,0.000356667,0.000556667,0,0.000256667,0.005356667,0.000756667,0.000246667,-1.33333E-05,0.000456667,0.004356667,0.502256667,0.006556667,0
BNT2,0,0.000656667,0,0.000356667,0,0.000456667,6.66667E-05,0.000256667,0.000656667,0,0.007756667,0,0.001556667,0.000756667,0.000656667,0.009156667,0.692256667,0.008656667,0.000456667
BNT3,-1.33333E-05,0,0,0,0,0,0,0.000166667,0,1.66667E-05,0.002756667,-3.33333E-06,3.66667E-05,8.66667E-05,0.000556667,0.001956667,0.730256667,0.003456667,0