,W/O PEP,CD8-6,CD8-7,Iab(+),CD8(-)-1,CD8-2,CD8-1,CD8(-)-2,CD8 (+),CD8-3,CD8-4,CD8-8,CD4-2,CD8-5,CD4-1,pooled pep,PMA/Ionomycin,SARS-CoV CD8 pool,SARS-CoV CD4 pool
PBS1,0,0,0.0007,0,1E-04,0,0,-3E-05,0,0,0,0.0004,0,0.0002,0,0.0005,0.0766,1E-04,0.0003
PBS2,0.001,1E-04,0.0006,0.0002,0,0,0,0,0.0004,0.0002,0,0.0003,0,-3E-05,-1E-05,0.0009,0.0571,0,0.0004
PBS3,0,0,0,0,0,0.0005,0,0,0,0,0,0,0.0003,0.0002,0,0,0.0865,0,0
MIT1,0,0,0,0,9.66667E-05,0.000396667,5.66667E-05,8.66667E-05,0,8.66667E-05,6.66667E-05,0,0.000176667,0.000206667,0,0.000166667,0.065666667,0.000216667,0.000346667
MIT2,0,-3.33333E-05,0.000216667,6.66667E-05,0.000176667,-4.33333E-05,0.000116667,0,7.66667E-05,0.000276667,8.66667E-05,0,0.000316667,5.66667E-05,0.000336667,0.000256667,0.067866667,0.000566667,0.000156667
MIT3,0.000406667,0.000366667,0.000216667,0.000256667,0.000186667,2.66667E-05,0.000106667,0.000206667,0,0,0,0,0.000666667,0,0,0.000366667,0.072366667,0.000266667,0.000466667
BNT1,0.00034,0,0.00037,0,6E-05,1E-04,0.00025,0.00019,0,0.00033,0,0.00047,0,0,6E-05,0.00067,0.07487,0.00005,0.00033
BNT2,0,0.00037,0.00047,0.00014,0.00004,0.00037,0,0.00016,0.00047,0.00027,0.00057,0.00008,0.00028,0,0,0.00024,0.05147,0.00077,0.00028
BNT3,0.00003,0,0.00004,0,-3E-05,0.00037,0,0,2E-05,0.00004,0,0.00004,0,0.00057,0.00057,0.00021,0.19637,0.00057,0