,W/O PEP,CD8-6,CD8-7,Iab(+),CD8(-)-1,CD8-2,CD8-1,CD8(-)-2,CD8 (+),CD8-3,CD8-4,CD8-8,CD4-2,CD8-5,CD4-1,pooled pep,PMA/Ionomycin,SARS-CoV CD8 pool,SARS-CoV CD4 pool
PBS1,0,0,0,0,0,0,0,0,0,0,0,0,0,0,0,0,0.262,0,0
PBS2,0,0.00032,0,0.00033,0,0.00034,0.00032,0,0,0,0.0018,0.0026,0.00031,0,0,0.00031,0.223,0,0
PBS3,0,0,0.00053,0.00026,0,0.0011,0.00027,0.00028,0,0,0,0,0,0,0.0005,0,0.199,0,0
MIT1,0.000151467,0.000191467,1.14667E-05,1.14667E-05,1.14667E-05,0.000401467,0.000521467,0.000251467,5.14667E-05,0.000111467,0.000651467,0.000461467,0.000171467,1.14667E-05,-1.85333E-05,0.000981467,0.194881467,0.000841467,0.001081467
MIT2,0,8.14667E-05,1.46667E-06,0,5.14667E-05,0.000321467,0,2.14667E-05,1.46667E-06,-4.82333E-05,0.001181467,0.000631467,0.000491467,0.000181467,9.14667E-05,0.002281467,0.185881467,0.001181467,0.000871467
MIT3,0,0,-3.33333E-05,-2.80333E-05,5.14667E-05,-2.45333E-05,0,0,0,0,2.14667E-05,0.000251467,0,4.14667E-05,2.14667E-05,0.000211467,0.217881467,0.000181467,4.14667E-05
BNT1,0.000133333,3.33333E-05,0,3.33333E-05,3.00333E-05,0,0.000763333,3.33333E-05,0,3.33333E-05,3.33333E-05,0,3.21333E-05,2.48333E-05,0,0.000313333,0.106933333,0.000223333,3.33333E-05
BNT2,0,3.14333E-05,3.10333E-05,0.000133333,0,0,0,3.33333E-05,3.33333E-05,0,0.000143333,4.33333E-05,3.33333E-05,3.33333E-05,0,3.33333E-05,0.178933333,0.000133333,0.000143333
BNT3,0,0,0,3.33333E-05,0,0,0.000133333,3.33333E-05,0,0,0.000243333,4.33333E-05,4.33333E-05,0,0,3.33333E-05,0.187933333,4.33333E-05,0